{
    "PlayerPrats": {
        "ArmL_offset": [
            2.4000000953674316,
            3.5,
            0.0
        ],
        "ArmR_offset": [
            -1.399999976158142,
            3.5,
            0.0
        ],
        "Head_offset": [
            0.0,
            4.400000095367432,
            0.0
        ]
    }
}
