{
    "PlayerPrats": {
        "ArmL_offset": [
            1.399999976158142,
            3.5,
            0.0
        ],
        "ArmR_offset": [
            -1.399999976158142,
            3.5,
            0.0
        ],
        "Head_offset": [
            0.0,
            4.599999904632568,
            0.0
        ]
    }
}
